{"scoring":null,"notes":"В примере изначально известны цвета следующих клеток:\r\n\r\n\\begin{center}\r\n\\begin{tabular}{|c|c|c|} \r\n\\hline\r\n1 & ? & 3 \\\\ \r\n\\hline\r\n? & ? & ? \\\\ \r\n\\hline\r\n? & ? & ? \\\\ \r\n\\hline\r\n2 & ? & ? \\\\ \r\n\\hline\r\n\\end{tabular}\r\n\\end{center}\r\n\r\nПосле трех запросов известны цвета следующих клеток:\r\n\r\n\\begin{center}\r\n\\begin{tabular}{|c|c|c|} \r\n\\hline\r\n1 & 2 & 3 \\\\ \r\n\\hline\r\n2 & 1 & ? \\\\ \r\n\\hline\r\n? & ? & ? \\\\ \r\n\\hline\r\n2 & ? & ? \\\\ \r\n\\hline\r\n\\end{tabular}\r\n\\end{center}\r\n\r\nУголок с клетками в координатах: $(1, 2)$, $(1, 3)$ и $(2, 2)$ имеет клетки трех различных цветов, и поэтому подходит.","legend":"\\textit{Это интерактивная задача.}\r\n\r\nСаша купил ковер, который представляет собой таблицу размера $n \\times m$, каждая клетка которой раскрашена в один из трех цветов~--- $1$, $2$ или $3$. Известно, что любые две соседние по стороне клетки раскрашены \\textbf{в разные цвета}. Пронумеруем строки таблицы числами от $1$ до $n$ сверху вниз, а столбцы таблицы числами от $1$ до $m$ слева направо. Таким образом, клетка на пересечении $i$-й строки и $j$-го столбца имеет координаты $(i, j)$.\r\n\r\nСаша хочет найти \\textit{уголок}, клетки которого были бы покрашены в три различных цвета. Уголком называются три клетки с координатами $(i_1, j_1)$, $(i_2, j_2)$ и $(i_3, j_3)$, такие что $i_1 = i_2$, $j_1 = j_3$, $|j_1 - j_2| = 1$ и $|i_1 - i_3| = 1$. Иными словами, уголок можно представить как квадрат размера $2 \\times 2$, у которого вырезали одну из клеток.\r\n\r\nК сожалению, ковер очень большой, а у Саши плохое зрение, поэтому за один ход Саша может разглядеть цвет только одной произвольной клетки. Ваша задача заключается в том, чтобы помочь Саше не более чем за $40$ ходов найти уголок, удовлетворяющий условиям.\r\n\r\nК счастью, Саша заранее определил, что клетка с координатами $(x_1, y_1)$ покрашена в цвет $1$, клетка с координатами $(x_2, y_2)$~--- в цвет $2$, а клетка с координатами $(x_3, y_3)$~--- в цвет $3$.","authorLogin":"babin74","language":"russian","timeLimit":1000,"output":"","inputFile":"stdin","outputFile":"stdout","input":"Каждый тест состоит из нескольких наборов входных данных. В первой строке находится одно целое число $t$ ($1 \\le t \\le 1\\,000$)~--- количество наборов входных данных.","authorName":"Aleksandr Babin","sampleTests":[{"output":"\r\n\r\nask 1 2\r\n\r\nask 2 1\r\n\r\nask 2 2\r\n\r\ndone\r\n","input":"1\r\n4 3 1 1 4 1 1 3\r\n\r\n2\r\n\r\n2\r\n\r\n1\r\n","inputFile":"example.01","outputFile":"example.01.a"}],"name":"Хорошие раскраски 6","interaction":"Каждый набор входных данных начинается с того, что ваша программа должна считать восемь целых чисел $n$, $m$, $x_1$, $y_1$, $x_2$, $y_2$, $x_3$ и $y_3$ ($2 \\le n, m \\le 10^9$, $1 \\le x_i \\le n$, $1 \\le y_i \\le m$)~--- размеры ковра, координаты клетки цвета $1$, координаты клетки цвета $2$ и координаты клетки цвета $3$.\r\n\r\nПосле этого ваша программа может выполнять запросы двух видов:\r\n\r\n\\begin{itemize}\r\n\\item \\texttt{ask $x$ $y$} ($1 \\le x \\le n$, $1 \\le y \\le m$)~--- запрос цвета клетки. В ответ на этот запрос программа жюри выводит единственное число от $1$ до $3$~--- цвет клетки с координатами $(x, y)$. Для каждого набора входных данных вы можете сделать не более $40$ запросов цвета клетки.\r\n\\item \\texttt{done}~--- окончание взаимодействия для текущего набора входных данных. В момент выполнения этого запроса среди клеток с \\textbf{известными} цветами (включая клетки $(x_1, y_1)$, $(x_2, y_2)$ и $(x_3, y_3)$) должен существовать уголок из трех клеток различных цветов. После этого запроса взаимодействие для данного набора входных данных завершается, и начинается взаимодействие для следующего набора входных данных (если такой имеется).\r\n\\end{itemize}\r\n\r\nЕсли вы используете <<\\texttt{cout << ... << endl}>> в C++, <<\\texttt{System.out.println}>> в Java, <<\\texttt{print}>> в Python, <<\\texttt{writeln}>> в Pascal, то сброс потока вывода происходит автоматически, дополнительно ничего делать не требуется.\r\n\r\nЕсли вы используете другой способ вывода, рекомендуется делать сброс буфера потока вывода. Обратите\r\nвнимание, что перевод строки надо выводить в любом случае. Для сброса буфера потока вывода можно\r\nиспользовать <<\\texttt{fflush(stdout)}>> в C++, <<\\texttt{System.out.flush()}>> в Java, <<\\texttt{sys.stdout.flush()}>> в Python.\r\n\r\nИнтерактор не является адаптивным. Иными словами, цвета всех клеток зафиксированы заранее.","memoryLimit":268435456,"tutorial":"\\medskip\r\n\\textit{Автор задачи: Александр Бабин, разработка: Александр Бабин и Филипп Грибов}\r\n\\medskip\r\n\r\nНазовем расстоянием между клетками $(i_1, j_1)$ и $(i_2, j_2)$ величину $\\lvert i_1 - i_2 \\rvert + \\lvert j_1 - j_2 \\rvert$.\r\n\r\nЗаметим, что среди любых трех клеток найдутся две клетки, расстояние между которыми четно. Для того, чтобы доказать это, достаточно посмотреть на шахматную раскраску таблицы и заметить, что среди трех клеток найдутся две клетки одинакового цвета. Расстояние между ними будет четно.\r\n\r\nТаким образом, среди известных изначально трех клеток можно выбрать две, расстояние между которыми будет четно. Рассмотрим некоторый кратчайший путь (то есть путь с минимальным расстоянием), соединяющий две выбранные клетки. Длина такого пути будет не больше, чем $n + m$. Пусть выбранный путь проходит по клеткам $(i_1, j_1), (i_2, j_2), \\ldots, (i_{2k + 1}, j_{2k + 1})$ для некоторого числа $k$ (длина пути будет равна $2k$). Рассмотрим клетки $(i_1, j_1), (i_3, j_3), (i_5, j_5), \\ldots, (i_{2k + 1}, j_{2k + 1})$. Утверждается, что в данной последовательности клеток найдутся две подряд идущие клетки разного цвета.\r\n\r\nДля того, чтобы найти такие клетки достаточно воспользоваться бинарным поиском. Будем поддерживать инвариант, что клетки $l$ и $r$ имеют различный цвет. Изначально это верно, так как цвета известных в начале клеток попарно различны. Далее будем выбирать середину отрезка $m$ и сравнивать цвет клетки $m$ с цветами клеток $l$ и $r$. Если цвета клеток $l$ и $m$ равны, то цвета клеток $m$ и $r$ различаются, и можно перейти в состояние $(m, r)$. Если цвета клеток $m$ и $r$ равны, то цвета клеток $l$ и $m$ различаются, и можно перейти в состояние $(l, m)$. В противном случае можно перейти в любое из состояний $(l, m)$ или $(m, r)$. После того, как бинарный поиск сойдется, будут найдены две подряд идущие клетки разного цвета. Данное действие будет выполнено за $\\log_2 \\frac{n + m}{2}$ запросов.\r\n\r\nТеперь нужно рассмотреть различные варианты. Если две найденные клетки находятся в одной строке или одном столбце, необходимо узнать цвет клетки, находящейся между ними (обозначим ее как $(x, y)$), а затем узнать цвет еще одной клетки, соседней с $(x, y)$. После этого гарантированно будет найден хотя бы один разноцветный уголок.\r\n\r\nЕсли клетки находятся не в одной строке и не в одном столбце, необходимо узнать цвет их произвольного общего соседа.\r\n\r\nТаким образом, потребуется не более $\\log_2 \\left(10^9 \\right) + 2$ запросов, что укладывается в ограничение."}