{"extraResources":{"example.01.mu":"TVXzATENCiFjMTs0IDQgOA0KMSAwIDAgMQ0KMCAyIDIgMA0KMCAyIDIgMA0KMSAwIDAgMQ0Kd2F0ZXIgMA0Kd2F0ZXIgLTENCndhdGVyIC0xDQpzZXQgMiAyIC0xDQpzZXQgMyAzIC0xDQpzZXQgMyA0IC0xDQp3YXRlciAxDQp3YXRlciAxDQo="},"scoring":null,"notes":"В примере после первого изменения высоты остались прежними. Высоты и острова отображены на рисунке ниже.\r\n\r\n\\begin{center}\r\n\\begin{tabular}{|c|c|c|c|} \r\n\\hline\r\n\\cellcolor{black!10}1 & 0 & 0 &\\cellcolor{black!10}1 \\\\\r\n\\hline\r\n0 & \\cellcolor{black!20}2 &\\cellcolor{black!20}2 & 0 \\\\\r\n\\hline\r\n0 & \\cellcolor{black!20}2 &\\cellcolor{black!20}2 & 0 \\\\\r\n\\hline\r\n\\cellcolor{black!10} 1 & 0 & 0 &\\cellcolor{black!10}1 \\\\\r\n\\hline\r\n\\end{tabular}\r\n\\end{center}\r\n\r\nПосле второго изменения высоты всех клеток уменьшаются на $1$. Четыре острова после этого опускаются до высоты $0$, и остается только один остров.\r\n\r\n\\begin{center}\r\n\\begin{tabular}{|c|c|c|c|} \r\n\\hline\r\n0 & -1 & -1 & 0 \\\\\r\n\\hline\r\n-1 & \\cellcolor{black!10}1 &\\cellcolor{black!10}1 & -1 \\\\\r\n\\hline\r\n-1 & \\cellcolor{black!10}1 &\\cellcolor{black!10}1 & -1 \\\\\r\n\\hline\r\n0 & -1 & -1 & 0 \\\\\r\n\\hline\r\n\\end{tabular}\r\n\\end{center}\r\n\r\nПосле третьего изменения высоты уменьшаются еще на 1, в итоге не остается ни одного острова.\r\n\r\n\\begin{center}\r\n\\begin{tabular}{|c|c|c|c|} \r\n\\hline\r\n-1 & -2 & -2 & -1 \\\\\r\n\\hline\r\n-2 & 0 & 0 & -2 \\\\\r\n\\hline\r\n-2 & 0 & 0 & -2 \\\\\r\n\\hline\r\n-1 & -2 & -2 & -1 \\\\\r\n\\hline\r\n\\end{tabular}\r\n\\end{center}\r\n\r\nПосле четвертого, пятого и шестого изменений островов все еще нет, высоты следующие:\r\n\r\n\\begin{center}\r\n\\begin{tabular}{|c|c|c|c|} \r\n\\hline\r\n-1 & -2 & -2 & -1 \\\\\r\n\\hline\r\n-2 & -1 & 0 & -2 \\\\\r\n\\hline\r\n-2 & 0 & -1 & -1 \\\\\r\n\\hline\r\n-1 & -2 & -2 & -1 \\\\\r\n\\hline\r\n\\end{tabular}\r\n\\end{center}\r\n\r\nПосле седьмого изменения высоты всех клеток увеличиваются на $1$, итоговые высоты и острова выглядят так:\r\n\r\n\\begin{center}\r\n\\begin{tabular}{|c|c|c|c|} \r\n\\hline\r\n0 & -1 & -1 & 0 \\\\\r\n\\hline\r\n-1 & 0 & \\cellcolor{black!10}1 & -1 \\\\\r\n\\hline\r\n-1 & \\cellcolor{black!10}1 & 0 & 0 \\\\\r\n\\hline\r\n0 & -1 & -1 & 0 \\\\\r\n\\hline\r\n\\end{tabular}\r\n\\end{center}\r\n\r\nПосле восьмого изменения высоты всех клеток увеличились на $1$, итоговые высоты и острова выглядят так:\r\n\r\n\\begin{center}\r\n\\begin{tabular}{|c|c|c|c|} \r\n\\hline\r\n\\cellcolor{black!10}1 & 0 & 0 &\\cellcolor{black!10}1 \\\\\r\n\\hline\r\n0 & \\cellcolor{black!20}1 &\\cellcolor{black!20}2 & 0 \\\\\r\n\\hline\r\n0 & \\cellcolor{black!20}2 &\\cellcolor{black!20}1 & \\cellcolor{black!20}1 \\\\\r\n\\hline\r\n\\cellcolor{black!10}1 & 0 & 0 & \\cellcolor{black!20}1 \\\\\r\n\\hline\r\n\\end{tabular}\r\n\\end{center}","legend":"Саша уехал в отпуск в страну $\\cal{J}$. Страна $\\cal{J}$ представляет из себя таблицу размера $n \\times m$, строки которой пронумерованы целыми числами от $1$ до $n$, а столбцы пронумерованы целыми числами от $1$ до $m$. Каждая клетка таблицы имеет свою высоту над уровнем моря. Высота клетки с координатами $(i, j)$ изначально равна $h_{i, j}$.\r\n\r\nСаша планирует жить в стране $q$ дней, в $i$-й день может произойти одно из следующих событий:\r\n\r\n\\begin{itemize}\r\n\\item Власти страны $\\cal{J}$ решаются заняться терраформированием местности и изменяют высоту клетки $(i, j)$ на $x$ (после этого события верно, что $h_{i, j} = x$);\r\n\\item Случается либо отлив, либо наводнение, из-за чего к высотам всех клеток прибавляется число $x$. Обратите внимание, что высоты некоторых клеток могут быть отрицательными.\r\n\\end{itemize}\r\n\r\nОказалось так, что в любой из дней соблюдается следующее \\textit{свойство}:\r\n\r\n\\begin{itemize}\r\n\\item Для любой клетки $(i, j)$, которая \\textit{не лежит на границе поля}, найдется соседняя по стороне клетка $(i', j')$, такая что $h_{i', j'} < h_{i, j}$. Клетка с координатами $(i, j)$ считается не лежащей на границе поля, если $2 \\le i \\le n - 1$ и $2 \\le j \\le m - 1$.\r\n\\end{itemize}\r\n\r\nСаша заметил, что из-за этих изменений в стране $\\cal{J}$ может меняться число \\textit{островов}. Островом называется произвольное максимальное по включению связное множество клеток с \\textbf{положительной} высотой. Другими словами, множество клеток является островом, если выполнены следующие условия:\r\n\r\n\\begin{itemize}\r\n\\item Любая клетка острова имеет положительную высоту;\r\n\\item Между любыми двумя клетками из одного острова можно построить путь по клеткам из этого же острова, двигаясь только в соседние по стороне клетки;\r\n\\item Для любой клетки, не принадлежащей острову, верно, что она либо имеет высоту меньшую или равную нулю, либо от нее нельзя добраться ни до какой клетки острова, двигаясь только по клеткам с положительной высотой, переходя в соседние по стороне клетки.\r\n\\end{itemize}\r\n\r\nСашу очень заинтересовала система островов в стране $\\cal{J}$, и ему захотелось узнать, как меняется их количество. Помогите Саше для каждого $i$ от $1$ до $q$ определить, сколько будет островов в стране $\\cal{J}$ после первых $i$ изменений.","authorLogin":"babin74","language":"russian","timeLimit":2000,"output":"Для каждого набора входных данных выведите $q$ целых чисел~--- ответ на задачу.","inputFile":"stdin","outputFile":"stdout","input":"Каждый тест состоит из нескольких наборов входных данных. В первой строке находится одно целое число $t$ ($1 \\le t \\le 100$)~--- количество наборов входных данных. Далее следует описание наборов входных данных.\r\n\r\nПервая строка каждого набора входных данных содержит три целых числа $n$, $m$ и $q$ ($1 \\le n, m \\le 1\\,000$, $1 \\le q \\le 100\\,000$).\r\n\r\nКаждая из следующих $n$ строк содержит $m$ целых чисел $h_{i,1}, \\ldots, h_{i, m}$ ($\\lvert h_{i j} \\rvert \\le 10^9$)~--- изначальные высоты клеток.\r\n\r\nКаждая из следующих $q$ строк описывает очередной день, в который происходят изменения. Описание соответствует формату, приведенному ниже:\r\n\r\n\\begin{itemize}\r\n\\item \\texttt{set $i$ $j$ $x$} ($1 \\le i \\le n$, $1 \\le j \\le m$, $\\lvert x \\rvert \\le 10^9$)~--- высота клетки $(i, j)$ становится равной $x$;\r\n\\item \\texttt{water $x$} ($\\lvert x \\rvert \\le 10^9$)~--- к высотам всех клеток прибавляется $x$.\r\n\\end{itemize}\r\n\r\nГарантируется, что в любой момент времени высоты клеток удовлетворяют свойству, описанному в условии задачи.\r\n\r\nГарантируется, что сумма $n \\cdot m$ по всем наборам входных данных не превосходит $300\\,000$, а сумма $q$ по всем наборам входных данных не превосходит $100\\,000$.","authorName":"Aleksandr Babin","sampleTests":[{"output":"5\r\n1\r\n0\r\n0\r\n0\r\n0\r\n2\r\n4\r\n","input":"1\r\n4 4 8\r\n1 0 0 1\r\n0 2 2 0\r\n0 2 2 0\r\n1 0 0 1\r\nwater 0\r\nwater -1\r\nwater -1\r\nset 2 2 -1\r\nset 3 3 -1\r\nset 3 4 -1\r\nwater 1\r\nwater 1\r\n","inputFile":"example.01","outputFile":"example.01.a"}],"name":"Длинный остров","interaction":null,"memoryLimit":268435456,"tutorial":"\\medskip\r\n\\textit{Автор задачи: Александр Бабин, разработка: Александр Бабин}\r\n\\medskip\r\n\r\nВоспользуемся формулой Эйлера $c = V - E + \\Gamma$, где $c$~--- количество компонент связности, $V$~--- количество вершин, $E$~--- количество ребер, а $\\Gamma$~--- количество граней в плоском. Из-за условия на монотонность высот оказывается, что каждая грань в графе представляет из себя квадрат $2 \\times 2$ клетки.\r\n\r\nВместо глобального изменения высот будем поддерживать такую величину как уровень моря $x$ и массив высот $a_{i j}$, где реальная высота будет вычисляться, как $h_{i j} = a_{i j} - x$. Теперь задача свелась к тому, чтобы делать точечные изменения и вычислять:\r\n\r\n\\begin{itemize}\r\n\\item Количество клеток с высотой больше $x$;\r\n\\item Количество пар соседних клеток, где обе высоты больше $x$;\r\n\\item Количество квадратов $2 \\times 2$, где все клетки высоты больше $x$.\r\n\\end{itemize}\r\n\r\nВсе это можно сделать оффлайн с помощью Дерева Фенвика."}