<?xml version="1.0" encoding="utf-8" standalone="no"?>
<problem revision="21" short-name="long-island" url="https://polygon.codeforces.com/p3YLtzD/babin74/long-island">
    <names>
        <name language="russian" value="Длинный остров"/>
    </names>
    <statements>
        <statement charset="UTF-8" language="russian" mathjax="true" path="statements/russian/problem.tex" type="application/x-tex"/>
        <statement language="russian" path="statements/.pdf/russian/problem.pdf" type="application/pdf"/>
    </statements>
    <tutorials>
        <tutorial charset="UTF-8" language="russian" mathjax="true" path="statements/russian/tutorial.tex" type="application/x-tex"/>
        <tutorial language="russian" path="statements/.pdf/russian/tutorial.pdf" type="application/pdf"/>
    </tutorials>
    <judging cpu-name="Intel(R) Core(TM) i3-8100 CPU @ 3.60GHz" cpu-speed="3600" input-file="" output-file="" run-count="1">
        <testset name="tests">
            <time-limit>2000</time-limit>
            <memory-limit>268435456</memory-limit>
            <test-count>9</test-count>
            <input-path-pattern>tests/%02d</input-path-pattern>
            <answer-path-pattern>tests/%02d.a</answer-path-pattern>
            <tests>
                <test description="File &quot;001&quot;" method="manual" sample="true"/>
                <test cmd="gen_thin n=10 m=10 q=1e5" method="generated"/>
                <test cmd="gen_thin n=547 m=547 q=1e5" method="generated"/>
                <test cmd="gen_rtree n=547 m=547 q=1e5 p=50" method="generated"/>
                <test cmd="gen_rtree n=547 m=547 q=1e5 p=70" method="generated"/>
                <test cmd="gen_rtree n=547 m=547 q=1e5 p=90" method="generated"/>
                <test cmd="gen_rtree n=547 m=547 q=1e5 p=95" method="generated"/>
                <test description="Мало кто знает, но у реальных изображений есть некоторые свойства и непредсказуемости, которые сложно сгенерировать, поэтому этот тест основан на фотографиях голых женщин." method="manual"/>
                <test cmd="gen_rtree n=547 m=547 q=1e5 p=99" method="generated"/>
            </tests>
        </testset>
    </judging>
    <files>
        <resources>
            <file path="files/cli_args.hpp" type="h.g++"/>
            <file path="files/olymp.sty"/>
            <file path="files/problem.tex"/>
            <file path="files/statements.ftl"/>
            <file path="files/testlib.h" type="h.g++"/>
            <file path="files/tutorial.tex"/>
        </resources>
        <executables>
            <executable>
                <source path="files/gen_rtree.cpp" type="cpp.gcc14-64-msys2-g++23"/>
                <binary path="files/gen_rtree.exe" type="exe.win32"/>
            </executable>
            <executable>
                <source path="files/gen_thin.cpp" type="cpp.gcc14-64-msys2-g++23"/>
                <binary path="files/gen_thin.exe" type="exe.win32"/>
            </executable>
            <executable>
                <source path="files/valid.cpp" type="cpp.g++17"/>
                <binary path="files/valid.exe" type="exe.win32"/>
            </executable>
        </executables>
    </files>
    <assets>
        <checker name="std::ncmp.cpp" type="testlib">
            <source path="files/check.cpp" type="cpp.g++17"/>
            <binary path="check.exe" type="exe.win32"/>
            <copy path="check.cpp"/>
            <testset>
                <test-count>0</test-count>
                <input-path-pattern>files/tests/checker-tests/%02d</input-path-pattern>
                <output-path-pattern>files/tests/checker-tests/%02d.o</output-path-pattern>
                <answer-path-pattern>files/tests/checker-tests/%02d.a</answer-path-pattern>
                <tests/>
            </testset>
        </checker>
        <validators>
            <validator>
                <source path="files/valid.cpp" type="cpp.g++17"/>
                <binary path="files/valid.exe" type="exe.win32"/>
                <testset>
                    <test-count>2</test-count>
                    <input-path-pattern>files/tests/validator-tests/%02d</input-path-pattern>
                    <tests>
                        <test verdict="valid"/>
                        <test verdict="invalid"/>
                    </tests>
                </testset>
            </validator>
        </validators>
        <solutions>
            <solution tag="accepted">
                <source path="solutions/fedor-2.cpp" type="cpp.gcc14-64-msys2-g++23"/>
                <binary path="solutions/fedor-2.exe" type="exe.win32"/>
            </solution>
            <solution tag="accepted">
                <source path="solutions/fedor-3.cpp" type="cpp.gcc14-64-msys2-g++23"/>
                <binary path="solutions/fedor-3.exe" type="exe.win32"/>
            </solution>
            <solution tag="main">
                <source path="solutions/sol-ac.cpp" type="cpp.g++17"/>
                <binary path="solutions/sol-ac.exe" type="exe.win32"/>
            </solution>
            <solution tag="time-limit-exceeded">
                <source path="solutions/sol-brute.cpp" type="cpp.gcc14-64-msys2-g++23"/>
                <binary path="solutions/sol-brute.exe" type="exe.win32"/>
            </solution>
        </solutions>
    </assets>
    <properties>
        <property name="tests-wellformed" value="true"/>
    </properties>
    <stresses>
        <stress-count>0</stress-count>
        <stress-path-pattern>stresses/%03d</stress-path-pattern>
        <list/>
    </stresses>
    <tags>
        <tag value="euler"/>
        <tag value="idea"/>
    </tags>
</problem>
