<?xml version="1.0" encoding="utf-8" standalone="no"?>
<problem revision="17" short-name="good-coloring-6" url="https://polygon.codeforces.com/p0kEwPg/babin74/good-coloring-6">
    <names>
        <name language="russian" value="Хорошие раскраски 6"/>
    </names>
    <statements>
        <statement charset="UTF-8" language="russian" mathjax="true" path="statements/russian/problem.tex" type="application/x-tex"/>
        <statement charset="UTF-8" language="russian" mathjax="true" path="statements/.html/russian/problem.html" type="text/html"/>
        <statement language="russian" path="statements/.pdf/russian/problem.pdf" type="application/pdf"/>
    </statements>
    <tutorials>
        <tutorial charset="UTF-8" language="russian" mathjax="true" path="statements/russian/tutorial.tex" type="application/x-tex"/>
        <tutorial language="russian" path="statements/.pdf/russian/tutorial.pdf" type="application/pdf"/>
    </tutorials>
    <judging cpu-name="Intel(R) Core(TM) i3-8100 CPU @ 3.60GHz" cpu-speed="3600" input-file="" output-file="" run-count="1">
        <testset name="tests">
            <time-limit>1000</time-limit>
            <memory-limit>268435456</memory-limit>
            <test-count>8</test-count>
            <input-path-pattern>tests/%02d</input-path-pattern>
            <answer-path-pattern>tests/%02d.a</answer-path-pattern>
            <tests>
                <test method="manual" sample="true"/>
                <test method="manual"/>
                <test method="manual"/>
                <test method="manual"/>
                <test method="manual"/>
                <test method="manual"/>
                <test method="manual"/>
                <test method="manual"/>
            </tests>
        </testset>
    </judging>
    <files>
        <resources>
            <file path="files/olymp.sty"/>
            <file path="files/problem.tex"/>
            <file path="files/statements.ftl"/>
            <file path="files/testlib.h" type="h.g++"/>
            <file path="files/tutorial.tex"/>
        </resources>
        <executables>
            <executable>
                <source path="files/int.cpp" type="cpp.g++17"/>
                <binary path="files/int.exe" type="exe.win32"/>
            </executable>
        </executables>
    </files>
    <assets>
        <checker name="std::wcmp.cpp" type="testlib">
            <source path="files/check.cpp" type="cpp.g++17"/>
            <binary path="check.exe" type="exe.win32"/>
            <copy path="check.cpp"/>
            <testset>
                <test-count>0</test-count>
                <input-path-pattern>files/tests/checker-tests/%02d</input-path-pattern>
                <output-path-pattern>files/tests/checker-tests/%02d.o</output-path-pattern>
                <answer-path-pattern>files/tests/checker-tests/%02d.a</answer-path-pattern>
                <tests/>
            </testset>
        </checker>
        <interactor>
            <source path="files/int.cpp" type="cpp.g++17"/>
            <binary path="files/int.exe" type="exe.win32"/>
        </interactor>
        <solutions>
            <solution tag="rejected">
                <source path="solutions/316673510_vsinitsynav_vaaven_Ormlis_rt2.cpp" type="cpp.gcc13-64-winlibs-g++20"/>
                <binary path="solutions/316673510_vsinitsynav_vaaven_Ormlis_rt2.exe" type="exe.win32"/>
            </solution>
            <solution tag="rejected">
                <source path="solutions/316674625_vsinitsynav_vaaven_Ormlis_rt2.cpp" type="cpp.gcc13-64-winlibs-g++20"/>
                <binary path="solutions/316674625_vsinitsynav_vaaven_Ormlis_rt2.exe" type="exe.win32"/>
            </solution>
            <solution tag="accepted">
                <source path="solutions/316679379_vsinitsynav_vaaven_Ormlis_ok.cpp" type="cpp.gcc13-64-winlibs-g++20"/>
                <binary path="solutions/316679379_vsinitsynav_vaaven_Ormlis_ok.exe" type="exe.win32"/>
            </solution>
            <solution tag="rejected">
                <source path="solutions/316856031_Um_nik_wa2.cpp" type="cpp.g++17"/>
                <binary path="solutions/316856031_Um_nik_wa2.exe" type="exe.win32"/>
            </solution>
            <solution tag="main">
                <source path="solutions/sol-ac.cpp" type="cpp.g++17"/>
                <binary path="solutions/sol-ac.exe" type="exe.win32"/>
            </solution>
            <solution tag="accepted">
                <source path="solutions/umnik.cpp" type="cpp.gcc14-64-msys2-g++23"/>
                <binary path="solutions/umnik.exe" type="exe.win32"/>
            </solution>
        </solutions>
    </assets>
    <properties>
        <property name="tests-wellformed" value="true"/>
    </properties>
    <stresses>
        <stress-count>0</stress-count>
        <stress-path-pattern>stresses/%03d</stress-path-pattern>
        <list/>
    </stresses>
    <tags>
        <tag value="binary search"/>
        <tag value="coloring"/>
        <tag value="interactive"/>
    </tags>
</problem>
